ID,Sequence,Prediction,Probability
1_1,DPTVRHDMERFFLRTVPDNGNYEHDYEGADDMPSHIKSSMLGTSLVLPVHKGRIQTGTWQGIWLGEHRIHGGSRRIIATLQGEDPVTRLFFREMDHRVTPD,positive,0.99999964
1_2,YKLRAARLVEIAAKNLQAQVSHRKSKEVAWNLTSVDLVRASEAHCHYVTVKVFADKLPKIQDRAVQAVLRNLCLLYSLYGISQKGGDFLEGNIITGAQMSQ,negative,7.968835e-08
1_3,DDEVVQREEEAIQLDGLNASQIRELREKSEKFAFQAEVNRMMKLIINSLYKNKEIFLRELISNASDALDKIRLISLTDENALSGNEELTVKIKCDKEKNLL,positive,0.9997353
1_4,AAAAAAAAAAAAAAAAAAAAAAAAAAAAAAAAAAAAAAAASYDDMRARGMKAVSPLTVQKYVTLPSVAKMAAAAAAAAAAAAAAAAAAAAAAAAAAAAAAA,positive,1.0
1_5,AYTDGETLVGQPAKRQAVTNPTNTLFAIKRLIGRRFEDEEVQRDIEIMPYKIVKADNGDAWVEAKGQKMAAPQVSAEVLKKMKKTAEDFLGEEVTGAVITV,positive,0.9999962
0_1,DHQLIQEALIFDNKHTNYTMEHIRVGWEQLLTTIARTINEVENQILTRDAKGISQEQMNEFRASFNHFDRDHSGTLGPEEFKACLISLGYDIGNDPQGEAE,negative,5.6581607e-06
0_2,EETGIDVTLPTGEVTVPGVSGDVSLPEIATGGLEGKMKGTKVKTPEMIIQKPKISMQDVDLSLGSPKLKGDIKVSAPGVQGDVKGPQVALKGSRVDIETPN,negative,3.766565e-09
0_3,WKLNNPAIALMWRGGCIIRSVFLGQITKAYREEPDLENLLFNKFFADAVTKAQSGWRKSIALATTYGIPTPAFSTALSFYDGYRSERLPANLLQAQRDYFG,negative,0.049258165
0_4,ETETKNLENEEKNDAMEEWDSEMRDAEKELEQLKTEEEELQRKFLEVETQKTQTLAQIEFIKEQTTKTEELLDQLSLSEWDVIEWSDDQAVFTFVYDSIEL,negative,3.9971656e-08
0_5,EFILNSPTVTSIKWWPGGLGKTSNHAIVLAQLITQGECYGLHAFVVPIEIKQSEPEPQILDFQTQQYKLFPLLATAYAFHFVGRYMKETYLRINESIGQGD,negative,5.1196828e-08
